country_code,Name,year,nd_gain_score,coal_electricity_pct,energy_use_per_capita,gdp_constant_usd,gdp_per_capita_constant,renewable_electricity_pct,renewable_final_energy_pct,LEV2_CROSS_SEC_CG,LEV3_BAN_PHOUT_COAL,LEV3_CARBONTAX_I,LEV3_NZ,LEV4_BAN_COAL_STAT,LEV4_BAN_EXTRAC_DATE,LEV4_CARBONTAX_T,LEV4_EE_MANDATE,LEV4_ETS_E_GHG,LEV4_FIT_SOL_PR,LEV4_NZ_DATE,LEV4_RENEWABLE_EXP
ARG,Argentina,2015,46.5070027657743,2.0131044297923,1919.75859208058,594749285413.212,13679.6264980954,-3.80281477101625,9.4,0.0,0.0,0.0,0.0,0.0,0.0,0.0,0.0,0.0,0.0,0.0,0.0
ARG,Argentina,2016,48.2492613940544,1.60915636462437,1889.87018853289,582376550428.09,13265.8860639123,-2.9382760494498,9.4,0.0,0.0,0.0,0.0,0.0,0.0,0.0,1.0,0.0,0.0,0.0,0.0
ARG,Argentina,2017,48.3741501669285,1.545549421878,1874.82963739464,598790850843.677,13520.1129846159,-3.09416110516053,10.4,0.0,0.0,0.0,0.0,0.0,0.0,0.0,3.0,0.0,0.0,0.0,1.0
ARG,Argentina,2018,49.5483466360883,1.56130790190736,1806.77623499039,583118120294.002,13058.3285449954,-2.69236376021798,10.5,0.0,0.0,7.0,0.0,0.0,0.0,5.0,3.0,0.0,0.0,0.0,1.0
ARG,Argentina,2019,49.5190400565012,0.920783920318154,1777.41507710553,571450737224.442,12706.3978108968,1.5032854430153,10.7,0.0,0.0,6.0,4.25,0.0,0.0,4.0,4.0,0.0,0.0,5.0,1.0
ARG,Argentina,2020,49.8621251462768,1.2996947212506,1623.92450833523,514874343768.066,11393.0505957877,6.17318136617456,9.8,0.0,0.0,6.0,4.25,0.0,0.0,3.0,4.0,0.0,10.0,5.0,1.0
ARG,Argentina,2021,49.4812133715892,1.81813433956352,1741.51377200597,568636554720.066,12549.2811699342,9.06192102050542,9.2,0.0,0.0,6.0,4.25,0.0,0.0,3.0,4.0,0.0,10.0,5.0,1.0
ARG,Argentina,2022,49.3618709874714,1.82223900580178,1808.76021335553,602872713790.916,13276.8232110189,,,0.0,0.0,1.0,7.5,0.0,0.0,3.0,4.0,0.0,10.0,5.0,1.0
ARG,Argentina,2023,49.5860129429258,1.41051696523506,1832.06690004241,591684674129.454,12993.0928872416,,,0.0,0.0,1.0,8.0,0.0,0.0,3.0,4.0,0.0,10.0,5.0,1.0
AUS,Australia,2015,68.9435351867462,63.1332652712618,5318.66679266228,1356805839935.9,56970.3613028094,7.98431659191756,9.4,7.5999999,0.0,0.0,0.0,0.0,0.0,0.0,4.0,0.0,9.0,0.0,6.0
AUS,Australia,2016,68.8474200823646,63.6138825930166,5216.98867184459,1394194533274.64,57632.9995925594,8.61820532591848,9.6,7.4000001,0.0,0.0,0.0,0.0,0.0,0.0,4.0,0.0,10.0,0.0,6.0
AUS,Australia,2017,68.1700782606623,62.722407171287,5162.45894302308,1426167740135.16,57991.771347333,9.36755170930399,9.9,7.0,0.0,0.0,0.0,0.0,0.0,0.0,4.0,0.0,10.0,0.0,6.0
AUS,Australia,2018,69.0073465571404,60.4123253248345,5086.37378454852,1467158231105.1,58772.7063152213,10.9604835744055,9.8,6.5999999,0.0,0.0,0.0,0.0,0.0,0.0,4.0,0.0,10.0,0.0,7.0
AUS,Australia,2019,68.9924876922804,58.4427291251619,5231.57466031316,1499347932643.95,59181.2997904131,13.656230825752,10.3,6.4000001,0.0,0.0,0.0,0.0,0.0,0.0,4.0,0.0,10.0,0.0,7.0
AUS,Australia,2020,68.3406404821835,54.8771014186697,5159.03638381788,1497345824797.34,58377.7670517802,16.8875246061136,11.2,7.0,0.0,0.0,0.0,0.0,0.0,0.0,4.0,0.0,6.0,0.0,9.0
AUS,Australia,2021,69.0397259427342,52.8370877486312,5006.44306522882,1527396783519.68,59465.535671364,20.937361139354,12.3,7.0,0.0,0.0,7.5,0.0,0.0,0.0,4.0,0.0,8.0,5.0,9.0
AUS,Australia,2022,68.8634725351344,49.199170628768,4942.16372202842,1592357665099.43,61200.4588964781,,,7.1999998,0.0,0.0,8.75,0.0,0.0,0.0,4.0,0.0,6.0,5.0,9.0
AUS,Australia,2023,68.8685917266892,46.5005792898417,4927.64894813822,1649424913623.6,61869.082498576,,,8.6000004,0.0,0.0,8.75,0.0,0.0,0.0,5.0,0.0,7.0,5.0,9.0
BRA,Brazil,2015,48.7908505220059,4.58447641180492,1482.02057858653,1802211999456.42,8936.1955889444,12.2029459455312,43.7,,,,,,,,,,,,
BRA,Brazil,2016,49.0402334126452,4.32743314373327,1414.8979311951,1743173031878.48,8577.84277969667,14.5316279595064,45.4,,,,,,,,,,,,
BRA,Brazil,2017,48.7896296674684,3.76477146416734,1431.95949698072,1766232928473.27,8628.25209645723,16.1410907796512,45.3,,,,,,,,,,,,
BRA,Brazil,2018,48.7204887907916,3.36411381366693,1403.40232453429,1797736638146.82,8722.33529970988,17.5136091224846,46.9,,,,,,,,,,,,
BRA,Brazil,2019,48.9180375865999,3.36618054063618,1415.83477031974,1819683008336.22,8771.43950372603,18.5776469435984,47.5,,,,,,,,,,,,
BRA,Brazil,2020,49.1665523498819,2.7894408712967,1379.24649914162,1760056385298.89,8435.01046209185,20.1348423255784,50.0,,,,,,,,,,,,
BRA,Brazil,2021,49.0448121073994,3.66646395644626,1430.3934661032,1843880907790.44,8799.22844579944,22.0769155734794,46.5,,,,,,,,,,,,
BRA,Brazil,2022,49.112238006406,2.10121189126786,1432.72741132919,1899505159031.73,9032.08377657776,,,,,,,,,,,,,,
BRA,Brazil,2023,49.0973157823589,1.98997733169775,1481.22439922518,1961080569227.7,9288.02594608687,,,,,,,,,,,,,,
CAN,Canada,2015,69.681334689472,9.42555098197063,7690.40816617685,1556508816217.14,43594.1941045394,6.0617768124307,22.3,0.0,0.0,2.0,0.0,0.0,0.0,2.0,1.0,10.0,0.0,0.0,9.0
CAN,Canada,2016,69.1379253665704,9.3469025245368,7944.50789345873,1572673952924.25,43551.3425975115,7.04207360965633,22.1,0.0,1.0,2.0,0.0,0.0,0.0,2.0,6.0,10.0,0.0,0.0,9.0
CAN,Canada,2017,68.9071740115099,9.06323181480269,8175.19037647623,1620386284360.03,44339.3886689254,7.05301713153478,22.8,0.0,4.75,6.0,0.0,5.0,0.0,3.0,6.0,10.0,0.0,0.0,9.0
CAN,Canada,2018,68.384977803395,7.66934523132024,8161.77967501099,1664832887873.71,44907.3436912123,7.37402019926093,22.3,0.0,5.75,2.0,6.75,5.0,0.0,2.0,6.0,10.0,0.0,5.0,9.0
CAN,Canada,2019,68.2950754715445,7.33595880964786,8125.58121311618,1696605090551.84,45100.2915069262,7.36629991725152,22.4,5.1999998,5.75,2.0,7.5,5.0,0.0,4.0,6.0,10.0,0.0,5.0,9.0
CAN,Canada,2020,67.9763954004694,5.93046031047298,7495.07932297849,1611126165625.03,42366.1285377884,7.75691631401914,23.9,5.5999999,5.75,3.0,8.0,5.0,0.0,6.0,6.0,10.0,0.0,5.0,9.0
CAN,Canada,2021,68.2679522874779,5.32187223366307,7524.86361233157,1706996679677.69,44639.193269037,7.92363867255995,23.8,8.8000002,5.75,4.0,8.75,5.0,0.0,7.0,6.0,10.0,0.0,5.0,9.0
CAN,Canada,2022,68.2413014832997,3.98601228707913,7578.02093601237,1778503389905.0,45677.686578804,,,9.3999996,5.75,4.0,8.75,5.0,0.0,7.0,6.0,10.0,0.0,5.0,9.0
CAN,Canada,2023,68.1819038515583,3.72005143743622,7336.06703531427,1805692180594.62,45048.2842408265,,,9.3999996,5.75,4.0,8.75,5.0,0.0,8.0,5.0,10.0,0.0,5.0,7.0
CHN,China,2015,52.8817706280889,70.188402071321,2175.1544486832,11280814787468.9,8175.33285077393,4.55807103746262,12.2,2.0,0.0,0.0,0.0,0.0,0.0,0.0,8.0,10.0,7.0,0.0,0.0
CHN,China,2016,52.9850340842262,68.4176909138594,2149.2047500244,12045152668727.3,8679.37704460133,5.9539883138882,12.6,2.0,0.0,0.0,0.0,0.0,0.0,0.0,8.0,10.0,7.0,0.0,2.0
CHN,China,2017,53.551256773883,68.0264961455224,2215.91139022057,12875216222853.4,9221.51403820573,7.19946452516446,13.1,2.0,0.0,0.0,0.0,0.0,0.0,0.0,8.0,10.0,7.0,0.0,2.0
CHN,China,2018,53.8626399129298,66.5294477283065,2310.87757050979,13745158275136.7,9798.6528523316,8.56768880402383,13.5,2.0,0.0,0.0,0.0,0.0,0.0,0.0,8.0,10.0,7.0,0.0,2.0
CHN,China,2019,57.2026332822253,64.9686795132476,2397.96868908473,14579283528148.4,10356.4804194995,9.50765506036168,14.3,2.0,0.0,0.0,0.0,0.0,0.0,0.0,8.0,10.0,0.0,0.0,2.0
CHN,China,2020,58.0747631390748,63.4550187592194,2465.96954605987,14920466234565.3,10573.6420059282,10.6602772642896,14.9,2.0,0.0,0.0,5.75,0.0,0.0,0.0,8.0,10.0,0.0,3.0,2.0
CHN,China,2021,58.4105873862714,63.0009520818053,2623.79959356116,16199162892908.6,11469.5707134928,12.856523818733,15.2,2.0,0.0,0.0,5.75,0.0,0.0,0.0,8.0,6.0,0.0,3.0,2.0
CHN,China,2022,58.5848145842541,61.7186608827991,2676.48200976111,16706875253648.5,11830.5983703496,,,2.0,0.0,0.0,5.75,0.0,0.0,0.0,8.0,6.0,0.0,3.0,2.0
CHN,China,2023,58.7069609482147,61.3408061134072,2850.94152906511,17611526369126.6,12484.1578844175,,,2.0,0.0,0.0,5.75,0.0,0.0,0.0,6.0,6.0,0.0,3.0,4.0
DEU,Germany,2015,70.4538733501957,43.761539636192,3780.85027551891,3425099578746.09,41929.7549110722,26.1924483541027,14.6,0.0,0.0,0.0,0.0,0.0,0.0,0.0,8.0,8.0,5.0,0.0,4.0
DEU,Germany,2016,69.6988409598884,42.0011407504662,3765.21799936242,3501212900675.89,42516.9337063103,26.0014236319834,14.2,0.0,0.0,0.0,6.75,0.0,0.0,0.0,8.0,8.0,6.0,5.0,4.0
DEU,Germany,2017,69.5363646114817,38.6743314829064,3763.19404182465,3599173571724.7,43543.4807050551,30.0085816163727,15.2,0.0,0.0,0.0,6.75,0.0,0.0,0.0,8.0,8.0,0.0,5.0,6.0
DEU,Germany,2018,69.5503223061246,37.3124028054485,3659.22924485198,3640049243667.4,43905.8550061973,31.9113523236134,16.0,0.0,0.0,0.0,7.5,0.0,0.0,0.0,8.0,8.0,0.0,5.0,6.0
DEU,Germany,2019,69.3665318052961,29.9558259201835,3570.88159282488,3675639268112.03,44235.2658954682,36.3478037359309,17.1,4.0,3.75,0.0,8.75,5.0,0.0,0.0,8.0,8.0,0.0,5.0,7.0
DEU,Germany,2020,69.191094650314,24.9710667255179,3349.19931383762,3523764998709.97,42372.8726784255,40.4475013119893,18.5,4.5999999,3.75,0.0,8.75,5.0,0.0,0.0,8.0,8.0,0.0,5.0,7.0
DEU,Germany,2021,69.4024883583755,29.4980254690038,3467.03057027911,3661544208117.2,44011.0194631674,35.618008802309,17.6,5.0,3.75,0.0,9.25,5.0,0.0,0.0,8.0,8.0,0.0,7.0,7.0
DEU,Germany,2022,69.2062070571132,32.7317259378633,3261.8564081995,3727790994177.62,44817.1316331389,,,5.4000001,3.75,0.0,9.25,5.0,0.0,0.0,8.0,8.0,0.0,7.0,7.0
DEU,Germany,2023,69.0061203618549,26.3522185820533,2928.19658713867,3695372350062.48,44368.9920074881,,,5.4000001,3.75,0.0,9.25,5.0,0.0,0.0,8.0,8.0,0.0,7.0,7.0
FRA,France,2015,67.7142117356694,2.51007496081241,3799.19260526718,2442483452642.5,36702.4323733379,6.2562290589978,13.3,0.0,0.0,0.0,0.0,0.0,0.0,5.0,2.0,8.0,0.0,0.0,9.0
FRA,France,2016,67.1295692757212,2.1692688681752,3718.17053401513,2463489569347.31,36920.5342846914,6.75997569625276,14.2,0.0,1.75,0.0,0.0,0.0,0.0,6.0,2.0,8.0,0.0,0.0,9.0
FRA,France,2017,67.3864346143506,2.70195793280129,3705.41111644137,2514819204088.14,37580.5979329356,7.57946312853234,14.1,0.0,5.5,0.0,6.75,5.0,0.0,7.0,2.0,8.0,0.0,5.0,9.0
FRA,France,2018,67.2858366157627,1.81063399670575,3669.37065950443,2556210832760.02,38062.4435961412,8.33158544691332,15.2,2.0,5.5,0.0,7.5,5.0,0.0,8.0,2.0,8.0,0.0,5.0,9.0
FRA,France,2019,67.9177487610767,1.02762620446821,3605.53190025511,2608036638906.12,38705.2072940618,9.85332525979413,15.5,7.1999998,6.5,0.0,8.75,5.0,0.0,8.0,2.0,8.0,0.0,5.0,9.0
FRA,France,2020,67.073828260535,0.92758355382912,3228.48915727036,2413981867676.36,35709.2045925926,11.7659779691869,16.8,7.1999998,6.5,0.0,8.75,5.0,0.0,8.0,6.0,8.0,9.0,5.0,9.0
FRA,France,2021,67.4632819767628,1.32081685836718,3469.83398574773,2580120255051.75,38030.8571685178,11.2953633731132,16.2,7.1999998,5.5,0.0,8.75,5.0,5.0,8.0,6.0,8.0,10.0,5.0,9.0
FRA,France,2022,67.2890895690176,1.23862081778108,3100.1897815932,2650215998256.03,38868.3303330557,,,7.5999999,5.5,0.0,8.75,5.0,5.0,8.0,6.0,8.0,10.0,5.0,9.0
FRA,France,2023,67.2432556076688,0.584217935547692,3136.12237461475,2688358302961.22,39319.4152227295,,,7.8000002,5.25,0.0,8.75,5.0,5.0,8.0,8.0,8.0,10.0,5.0,7.0
GBR,United Kingdom,2015,71.6555564196367,22.7677607348352,2774.79682774608,2945579890258.46,45255.3449216209,22.797935125061,7.7,9.3999996,1.5,0.0,0.0,0.0,0.0,0.0,8.0,8.0,5.0,0.0,9.0
GBR,United Kingdom,2016,70.8948764084828,9.32108905665301,2696.97999020896,3010574705731.3,45888.0105130748,23.0155435498123,7.7,9.0,1.5,0.0,5.75,0.0,0.0,0.0,8.0,8.0,2.0,1.0,9.0
GBR,United Kingdom,2017,70.5880823021759,6.90041460573928,2658.99577329303,3101591068534.48,47018.0254757676,27.5604645718062,8.8,9.1999998,5.25,0.0,5.75,5.0,0.0,0.0,8.0,8.0,1.0,1.0,9.0
GBR,United Kingdom,2018,70.1482728901942,5.3369544621992,2632.15067210726,3149707010747.53,47514.7763693453,31.3778034424785,10.2,9.8000002,5.25,0.0,8.0,5.0,0.0,0.0,8.0,8.0,1.0,5.0,9.0
GBR,United Kingdom,2019,70.3040757487934,2.45615988076353,2515.97344619501,3189276748351.15,47864.7588712634,35.1429075020641,11.4,9.3999996,5.25,0.0,8.75,5.0,0.0,0.0,8.0,8.0,1.0,5.0,9.0
GBR,United Kingdom,2020,69.9072929608738,2.16650673330199,2317.4085386833,2868821517197.41,42982.4631007642,41.1642719597097,13.6,9.8000002,5.5,0.0,8.75,5.0,0.0,0.0,8.0,8.0,0.0,5.0,9.0
GBR,United Kingdom,2021,69.7589969823529,2.50520838395915,2377.26368887082,3113908148054.35,46487.3424706549,37.8311738385223,12.2,9.3999996,5.5,0.0,8.75,5.0,0.0,0.0,8.0,8.0,0.0,5.0,9.0
GBR,United Kingdom,2022,69.9696811345333,2.12662038459176,2254.36941582721,3274265196937.19,48433.009835767,,,9.3999996,5.5,0.0,8.75,5.0,0.0,0.0,8.0,8.0,0.0,5.0,9.0
GBR,United Kingdom,2023,69.6633498227979,1.59309047281453,2127.6084341819,3283159739927.95,47934.9375098983,,,9.3999996,5.5,0.0,8.75,5.0,0.0,0.0,8.0,8.0,0.0,5.0,9.0
IDN,Indonesia,2015,43.8505937179336,58.0348452404127,698.660737586188,860854232686.214,3288.22269725538,8.08662643566284,26.6,0.0,0.0,0.0,0.0,0.0,0.0,0.0,4.0,0.0,5.0,0.0,2.0
IDN,Indonesia,2016,44.1149312252008,57.0734497749981,718.57953489745,904181621780.388,3416.81005170972,8.02110060254748,27.8,0.0,0.0,0.0,0.0,0.0,0.0,0.0,4.0,0.0,5.0,0.0,2.0
IDN,Indonesia,2017,45.2555852767247,61.0255401892028,755.351304203294,950021694164.001,3553.51999262321,8.98691311092176,25.2,0.0,0.0,0.0,0.0,0.0,0.0,0.0,4.0,0.0,7.0,0.0,2.0
IDN,Indonesia,2018,45.8977782209325,59.9434834399358,826.038659966956,999178586309.021,3701.32155461912,8.5965183727374,22.0,0.0,0.0,0.0,0.0,0.0,0.0,0.0,4.0,0.0,7.0,0.0,2.0
IDN,Indonesia,2019,47.1187197656166,62.9132554502806,844.870039441295,1049330233997.45,3850.90321738979,8.09560604666851,19.8,0.0,0.0,0.0,0.0,0.0,0.0,0.0,4.0,0.0,8.0,0.0,2.0
IDN,Indonesia,2020,47.6142724339758,66.5184054170678,848.436766186593,1027656193885.38,3739.44906563161,8.4805233601994,21.9,0.0,0.0,0.0,0.0,0.0,0.0,0.0,4.0,0.0,0.0,0.0,2.0
IDN,Indonesia,2021,48.0498214739602,66.8668021944359,896.813534898965,1065709127396.86,3850.68877253903,8.65237684146036,20.2,0.0,1.0,0.0,7.0,0.0,0.0,0.0,4.0,0.0,0.0,3.0,2.0
IDN,Indonesia,2022,48.2008161671347,67.7304973462953,953.65392850686,1122268412650.2,4024.91225288391,,,0.0,1.0,0.0,7.0,0.0,0.0,0.0,4.0,0.0,0.0,3.0,2.0
IDN,Indonesia,2023,48.3823456887259,69.1247173903013,976.949985543796,1178932006499.5,4192.65167890692,,,0.0,1.0,0.0,7.0,0.0,0.0,0.0,6.0,9.0,0.0,3.0,1.0
IND,India,2015,38.6009074345646,76.0124264133462,622.339883988149,2103588360044.94,1583.99815907985,4.84184605005476,33.4,0.0,0.0,0.0,0.0,0.0,0.0,0.0,8.0,0.0,6.0,0.0,4.0
IND,India,2016,40.5477723469146,75.4844932161528,627.273531026365,2277267041550.36,1694.46534973825,3.9832387575032,33.0,0.0,0.0,0.0,0.0,0.0,0.0,0.0,8.0,0.0,5.0,0.0,4.0
IND,India,2017,41.796222884676,74.8600089000964,648.014718317903,2432016068497.75,1788.69770318446,4.77156485415497,32.5,0.0,0.0,0.0,0.0,0.0,0.0,0.0,8.0,0.0,0.0,0.0,4.0
IND,India,2018,42.5856619382778,74.9944368680873,668.303370218852,2588974770244.57,1883.35772705062,5.60539679737644,32.9,0.0,0.0,0.0,0.0,0.0,0.0,0.0,8.0,0.0,0.0,0.0,4.0
IND,India,2019,43.4888110931742,72.8626165369332,666.977347524506,2689205295885.31,1936.03067741067,6.35327384440851,33.5,0.0,0.0,0.0,0.0,0.0,0.0,0.0,8.0,0.0,0.0,0.0,4.0
IND,India,2020,44.7075035749945,71.3633580245628,632.239828540427,2533830417086.54,1806.50110583878,9.28554258342319,36.1,0.0,0.0,0.0,0.0,0.0,0.0,0.0,8.0,0.0,5.0,0.0,4.0
IND,India,2021,45.0839589056214,71.4858907657204,676.814293488143,2779348258938.77,1965.30943437506,9.20447543029223,34.9,0.0,0.0,0.0,2.5,0.0,0.0,0.0,8.0,0.0,5.0,1.0,4.0
IND,India,2022,45.4990561609236,71.739704380177,727.902200094024,2990839011962.46,2098.2112447615,,,0.0,0.0,0.0,3.25,0.0,0.0,0.0,8.0,0.0,5.0,1.0,4.0
IND,India,2023,45.4558519863007,74.4262435353777,754.179577921116,3265719695911.24,2270.9051808027,,,0.0,0.0,0.0,3.25,0.0,0.0,0.0,8.0,0.0,5.0,1.0,9.0
ITA,Italy,2015,58.3109297675283,16.0385592576495,2533.02354460955,1845428048839.1,30639.8829751432,22.3967306611824,16.6,0.0,0.0,0.0,0.0,0.0,0.0,0.0,2.0,8.0,10.0,0.0,7.0
ITA,Italy,2016,57.9967684454805,13.2530619428713,2511.46353090755,1868241619489.51,31077.6792675211,22.6403075574513,16.1,0.0,0.0,0.0,0.0,0.0,0.0,0.0,4.0,8.0,10.0,0.0,7.0
ITA,Italy,2017,57.7730765868594,11.8635702937498,2557.32535513975,1898202609462.08,31635.52277108,22.8889226920867,16.4,0.0,5.25,0.0,0.0,5.0,0.0,0.0,4.0,8.0,10.0,0.0,7.0
ITA,Italy,2018,58.4673007187994,10.6848965164925,2503.3498604998,1913894038926.83,31819.3971830067,22.6578762063871,17.1,0.0,5.25,0.0,0.0,5.0,0.0,0.0,4.0,8.0,0.0,0.0,7.0
ITA,Italy,2019,58.5332207738015,7.23218752233259,2494.02659804115,1922107755078.16,32180.4341017428,23.6654279520713,17.3,0.0,5.25,0.0,6.75,5.0,0.0,0.0,5.0,8.0,0.0,5.0,7.0
ITA,Italy,2020,58.6606313188562,5.36197425596458,2313.10006204514,1751650987235.43,29469.7989238626,24.7302009403595,18.7,0.0,5.25,0.0,6.75,5.0,0.0,0.0,5.0,8.0,0.0,5.0,7.0
ITA,Italy,2021,59.0464704160931,5.51287062950368,2531.08698798735,1908092024820.83,32267.7091050201,24.5491180306432,17.5,0.0,5.25,0.0,7.5,5.0,0.0,0.0,5.0,8.0,0.0,5.0,7.0
ITA,Italy,2022,59.4009306317146,8.52088843186212,2411.65172417311,2000084512919.56,33891.8866526216,,,0.0,5.25,0.0,7.5,5.0,0.0,0.0,5.0,8.0,0.0,5.0,7.0
ITA,Italy,2023,59.7736980909756,5.43072575892655,2298.39093933589,2019599234310.29,34239.6554751239,,,0.0,5.25,0.0,7.5,5.0,0.0,0.0,5.0,8.0,0.0,5.0,7.0
JPN,Japan,2015,66.3771383074841,33.3652618135377,3400.59271053608,4444930651964.18,34960.6393843385,5.55725588882088,6.2,0.0,0.0,2.0,0.0,0.0,0.0,2.0,5.0,0.0,9.0,0.0,6.0
JPN,Japan,2016,65.6092317225444,32.2460272165904,3370.8877963853,4478437728050.46,35242.199377148,6.69775835351678,6.4,0.0,0.0,3.0,0.0,0.0,0.0,3.0,6.0,0.0,9.0,0.0,6.0
JPN,Japan,2017,65.9581714503722,32.2833487103225,3391.05041453219,4553466417290.11,35861.9728545672,7.76675220406082,6.9,0.0,0.0,3.0,0.0,0.0,0.0,2.0,6.0,0.0,10.0,0.0,6.0
JPN,Japan,2018,65.7800848456646,31.1481878980742,3343.05412833973,4582763011478.55,36138.5290824814,8.7805746797831,7.3,0.0,0.0,3.0,0.0,0.0,0.0,2.0,6.0,0.0,0.0,0.0,6.0
JPN,Japan,2019,65.6988390239223,31.4513807244531,3261.62024942915,4564332550096.38,36043.7844013518,10.1388571940274,7.8,0.0,0.0,3.0,0.0,0.0,0.0,3.0,6.0,0.0,0.0,0.0,6.0
JPN,Japan,2020,65.6012895140049,30.5727898983641,3046.85480668859,4374056271824.01,34642.9718743239,11.6827700825577,8.5,0.0,0.0,3.0,7.5,0.0,0.0,3.0,6.0,0.0,9.0,5.0,6.0
JPN,Japan,2021,65.7400291334116,30.6095541850287,3196.03970960845,4492005937826.88,35741.1601062924,12.6418714359476,8.8,0.0,0.0,3.0,8.75,0.0,0.0,3.0,6.0,0.0,9.0,5.0,6.0
JPN,Japan,2022,65.9243904054794,30.2823385370043,3129.65861717499,4534320578755.85,36238.3294895302,,,0.0,0.0,2.0,8.75,0.0,0.0,2.0,6.0,0.0,8.0,5.0,6.0
JPN,Japan,2023,65.8050728143673,28.3087384605564,3039.14126131753,4601203385713.7,36952.5150709861,,,0.0,0.0,2.0,8.75,0.0,0.0,2.0,8.0,0.0,8.0,5.0,6.0
KOR,"Korea, Republic of",2015,68.0015955959362,42.4711554894567,5239.00345362778,1539212301135.55,30171.7906545222,1.54467671967099,2.7,0.0,0.0,0.0,0.0,0.0,0.0,0.0,1.0,10.0,0.0,0.0,7.0
KOR,"Korea, Republic of",2016,67.2353681588232,41.4878489370601,5390.84042635905,1588028842393.05,31005.4072876388,2.33748898796017,2.6,0.0,0.0,0.0,0.0,0.0,0.0,0.0,1.0,10.0,0.0,0.0,7.0
KOR,"Korea, Republic of",2017,67.4494196430384,45.8433417000085,5467.82224967457,1642548917819.59,31979.9027302467,2.75473216478576,2.8,0.0,0.0,0.0,0.0,0.0,0.0,0.0,1.0,10.0,0.0,0.0,7.0
KOR,"Korea, Republic of",2018,67.7132025533264,44.2897404901964,5531.77957372505,1694718171579.25,32852.8887488942,3.31399440372008,3.2,0.0,0.0,0.0,0.0,0.0,0.0,0.0,8.0,10.0,0.0,0.0,7.0
KOR,"Korea, Republic of",2019,67.6949996492533,42.6555964152062,5334.67385872126,1733930596323.25,33496.3113815643,4.20412213714381,3.2,0.0,0.0,0.0,6.75,0.0,0.0,0.0,8.0,10.0,0.0,5.0,7.0
KOR,"Korea, Republic of",2020,67.8038210786063,37.002993775169,5195.91011087811,1721788880530.99,33215.9298928108,5.02715264887679,3.6,0.0,0.0,0.0,8.0,0.0,0.0,0.0,8.0,10.0,0.0,5.0,7.0
KOR,"Korea, Republic of",2021,68.0500225831193,35.407072795039,5513.62830573477,1801214449834.76,34792.9397214598,5.51298275297892,3.6,7.8000002,2.75,0.0,8.75,5.0,0.0,0.0,8.0,10.0,0.0,5.0,7.0
KOR,"Korea, Republic of",2022,68.2795356419813,34.7264030316269,5411.97477731382,1850343736945.76,35809.0138105144,,,9.8000002,2.75,0.0,8.75,5.0,0.0,0.0,8.0,10.0,0.0,5.0,7.0
KOR,"Korea, Republic of",2023,68.5056828854251,33.6310864029737,5336.92485966157,1879634949821.72,36347.7036392553,,,9.8000002,2.75,0.0,8.75,5.0,0.0,0.0,8.0,10.0,0.0,5.0,9.0
MEX,Mexico,2015,49.4180988546084,10.8795901488993,1539.13826670827,1213294467716.88,10021.2386118827,5.34818035250541,9.2,0.0,0.0,2.0,0.0,0.0,0.0,2.0,4.0,0.0,0.0,0.0,2.0
MEX,Mexico,2016,49.2413033889705,10.8116471110389,1525.3837445098,1234800030119.7,10100.5021214015,5.9096242443943,9.2,0.0,0.0,1.0,0.0,0.0,0.0,2.0,4.0,0.0,0.0,0.0,4.0
MEX,Mexico,2017,49.1920243468072,9.59712710460603,1478.43896510686,1257912134612.3,10193.7727193457,5.89875330679655,10.1,0.0,4.75,1.0,0.0,5.0,0.0,2.0,4.0,0.0,0.0,0.0,6.0
MEX,Mexico,2018,49.1829836082475,7.75267309079139,1493.47882156246,1282719194577.95,10296.8690928534,6.67321287626273,10.3,0.0,4.75,1.0,0.0,5.0,0.0,2.0,4.0,0.0,0.0,0.0,6.0
MEX,Mexico,2019,48.8860757983101,7.63903388689078,1469.65350320528,1277682078094.17,10159.4448364319,9.87361010225177,10.3,0.0,4.75,1.0,0.0,5.0,0.0,2.0,4.0,0.0,0.0,0.0,9.0
MEX,Mexico,2020,48.9473490385039,5.23870718625375,1366.42722558757,1170944075446.26,9234.64362317923,12.5898417467586,12.3,4.0,4.75,1.0,0.0,5.0,0.0,2.0,4.0,6.0,0.0,0.0,9.0
MEX,Mexico,2021,48.6361018161207,5.38857079905556,1417.70559078908,1241768434200.36,9728.05680032556,13.9554574985336,13.0,4.0,4.75,1.0,0.0,5.0,0.0,2.0,4.0,6.0,0.0,0.0,9.0
MEX,Mexico,2022,48.6113349838413,7.31933292155652,1525.73516114419,1287835026749.81,10013.2479236143,,,4.0,4.75,2.0,3.5,5.0,0.0,2.0,4.0,6.0,0.0,5.0,9.0
MEX,Mexico,2023,48.7384836133905,8.63588980675848,1559.78994657193,1331023107619.63,10259.1766616403,,,4.0,4.75,2.0,3.5,5.0,0.0,2.0,1.0,6.0,0.0,5.0,9.0
RUS,Russian Federation,2015,58.9034392100827,14.851846855961,4785.19572494067,1363482182197.71,9277.7138671875,0.169662327735438,3.2,0.0,0.0,0.0,0.0,0.0,0.0,0.0,8.0,0.0,0.0,0.0,2.0
RUS,Russian Federation,2016,59.9660869039705,15.7146877145447,4917.54083897618,1366123111808.03,9269.3193359375,0.160007626219897,3.4,0.0,0.0,0.0,0.0,0.0,0.0,0.0,8.0,0.0,0.0,0.0,2.0
RUS,Russian Federation,2017,59.9345679702944,15.9696533270949,4999.07990773733,1391065651845.68,9418.9140625,0.176730440249733,3.2,0.0,0.0,0.0,0.0,0.0,0.0,0.0,8.0,0.0,0.0,0.0,2.0
RUS,Russian Federation,2018,60.4989667513036,15.9548127375923,5259.90837585133,1430116278515.49,9674.787109375,0.202496114673843,3.2,0.0,0.0,0.0,0.0,0.0,0.0,0.0,8.0,0.0,0.0,0.0,2.0
RUS,Russian Federation,2019,60.8671040450662,16.7864772998827,5065.14820867318,1461551317106.21,9882.0244140625,0.268245337461168,3.2,0.0,0.0,0.0,0.0,0.0,0.0,0.0,8.0,0.0,0.0,0.0,2.0
RUS,Russian Federation,2020,60.1437340865572,16.154935406872,5044.85366917672,1422766794794.99,9632.3251953125,0.401953991448764,3.7,0.0,0.0,0.0,0.0,0.0,0.0,0.0,8.0,0.0,0.0,0.0,2.0
RUS,Russian Federation,2021,59.4654889190094,16.155633525844,5681.39248037781,1506233291759.56,10231.318359375,0.490596127705673,3.5,0.0,0.0,0.0,3.75,0.0,0.0,0.0,8.0,0.0,0.0,3.0,2.0
RUS,Russian Federation,2022,58.5664831546122,16.2940698689577,5601.08435085175,1484605556957.56,10119.0625,,,0.0,0.0,0.0,5.75,0.0,0.0,0.0,8.0,0.0,0.0,3.0,2.0
RUS,Russian Federation,2023,58.384897958142,,,1545214947189.49,10562.0263671875,,,0.0,0.0,0.0,5.75,0.0,0.0,0.0,8.0,0.0,0.0,3.0,1.0
SAU,Saudi Arabia,2015,52.8086558197234,0.0,7786.91651664863,693414400000.0,23256.1549553531,0.0127345044562439,0.0,0.0,4.25,0.0,0.0,0.0,0.0,0.0,2.0,0.0,0.0,0.0,0.0
SAU,Saudi Arabia,2016,54.1156343730832,0.0,7521.58911581712,705230509999.152,22783.0328538685,0.0124340423917374,0.0,0.0,4.25,0.0,0.0,0.0,0.0,0.0,2.0,0.0,0.0,0.0,0.0
SAU,Saudi Arabia,2017,54.0424713729958,0.0,7707.05632967392,713567089638.542,23035.1199977707,0.0184114400771668,0.0,0.0,4.25,0.0,0.0,0.0,0.0,0.0,2.0,0.0,0.0,0.0,0.0
SAU,Saudi Arabia,2018,54.3377596431262,0.0,7650.66372475004,736593549189.516,24393.5188306638,0.0562269019434493,0.0,0.0,4.25,0.0,0.0,0.0,0.0,0.0,3.0,0.0,0.0,0.0,0.0
SAU,Saudi Arabia,2019,55.9150204024871,0.0,7668.22165933444,748759049109.6,24905.6697428558,0.0688617116501273,0.0,0.0,4.25,0.0,0.0,0.0,0.0,0.0,3.0,0.0,0.0,0.0,0.0
SAU,Saudi Arabia,2020,57.7993293093837,0.0,7170.88694947248,720270347023.097,22827.671935548,0.0676715363808973,0.1,0.0,4.25,0.0,0.0,0.0,0.0,0.0,7.0,0.0,0.0,0.0,1.0
SAU,Saudi Arabia,2021,57.1070884326765,0.0,7465.87573152761,767229070838.89,24922.6716948944,0.0653198949792136,0.1,0.0,4.25,0.0,5.0,0.0,0.0,0.0,8.0,0.0,0.0,3.0,9.0
SAU,Saudi Arabia,2022,57.674672228281,,7529.60103058863,859301066620.788,26706.917926066,,,0.0,4.25,0.0,5.0,0.0,0.0,0.0,8.0,0.0,0.0,3.0,9.0
SAU,Saudi Arabia,2023,58.2281367154928,,,863963569239.897,25634.8237547841,,,0.0,4.25,0.0,5.0,0.0,0.0,0.0,8.0,0.0,0.0,3.0,6.0
TUR,Turkey,2015,53.6850729953663,29.0950902083023,1646.83631130339,865460050683.656,11064.6494504662,6.30874808524618,13.3,0.0,0.0,0.0,0.0,0.0,0.0,0.0,4.0,0.0,7.0,0.0,4.0
TUR,Turkey,2016,52.7917108175785,33.6262062330544,1724.54363987712,894225044186.927,11279.6169531569,8.38776566280866,13.2,0.0,0.0,0.0,0.0,0.0,0.0,0.0,4.0,0.0,7.0,0.0,4.0
TUR,Turkey,2017,53.5415297437192,32.7896204549965,1828.02986770908,964205820086.089,12005.6459824832,9.76210403092066,11.4,0.0,0.0,0.0,0.0,0.0,0.0,0.0,4.0,0.0,8.0,0.0,9.0
TUR,Turkey,2018,53.6833085525568,37.1547337443119,1771.33742856964,997645953748.995,12255.0082146169,12.4123575710053,11.8,0.0,0.0,0.0,0.0,0.0,0.0,0.0,4.0,0.0,9.0,0.0,9.0
TUR,Turkey,2019,54.5015292243998,37.1487708006331,1774.19625722275,1010631549472.6,12238.2950220128,14.2949255833391,14.1,0.0,0.0,0.0,0.0,0.0,0.0,0.0,4.0,0.0,10.0,0.0,9.0
TUR,Turkey,2020,55.0642014923147,34.4998255641451,1762.01062220058,1028853867659.94,12338.643833135,16.3852782659446,13.7,0.0,0.0,0.0,0.0,0.0,0.0,0.0,4.0,0.0,10.0,0.0,9.0
TUR,Turkey,2021,55.3160102350826,30.8858369457731,1894.62719281739,1150372769727.98,13670.938029516,18.7108026636951,12.0,0.0,0.0,0.0,4.0,0.0,0.0,0.0,4.0,0.0,6.0,4.0,9.0
TUR,Turkey,2022,55.3057512644463,34.3746098258415,1841.55630679263,1212967141770.11,14273.5747654873,,,0.0,0.0,0.0,4.0,0.0,0.0,0.0,4.0,0.0,6.0,4.0,9.0
TUR,Turkey,2023,55.2981786793522,35.9537125394084,1849.53592344542,1274162834489.99,14932.8851363122,,,0.0,0.0,0.0,7.75,0.0,0.0,0.0,4.0,0.0,7.0,4.0,9.0
USA,United States,2015,68.5879798176069,34.0732643852126,6789.64733291075,18206020741000.0,56572.9188996063,7.35254388360494,8.9,,,,,,,,,,,,
USA,United States,2016,67.9723037999352,31.3286000724658,6663.4963294418,18537270454435.6,57151.4708448372,8.50075843849591,9.3,,,,,,,,,,,,
USA,United States,2017,68.1110272776041,30.827999443826,6590.83509745633,18992846546661.7,58151.7021391854,9.700691811457,9.7,,,,,,,,,,,,
USA,United States,2018,67.8088322943394,28.5527483493205,6738.27272433986,19556270302218.3,59526.665698712,10.0478956277699,9.9,,,,,,,,,,,,
USA,United States,2019,67.0721879928559,24.3530384173999,6700.93033990565,20061570168697.6,60750.9898621637,10.8666213545367,10.2,,,,,,,,,,,,
USA,United States,2020,66.6957616287533,20.0882948834085,6141.53125755889,19627632559934.5,59194.6665172031,12.6817482828225,11.0,,,,,,,,,,,,
USA,United States,2021,66.9151274072797,22.6659071437519,6445.83409243358,20816096100824.5,62680.2503585805,14.0077934914494,10.9,,,,,,,,,,,,
USA,United States,2022,66.7935944477448,20.3164902183759,6511.68841394546,21339074561820.0,63886.1317069841,,,,,,,,,,,,,,
USA,United States,2023,66.7646656881949,16.6638854819688,6363.50015820072,21955252291273.6,65186.5977244157,,,,,,,,,,,,,,
ZAF,South Africa,2015,48.2326592001325,89.7330315835853,2257.19467617813,346709790458.563,6112.27382485974,1.17749294025756,7.6,0.0,0.0,0.0,0.0,0.0,0.0,0.0,6.0,0.0,0.0,0.0,5.0
ZAF,South Africa,2016,49.2590301474284,89.4396372657242,2311.76901865151,349013858372.625,6095.295060428,1.52918135526831,7.8,0.0,0.0,0.0,0.0,0.0,0.0,0.0,6.0,0.0,0.0,0.0,5.0
ZAF,South Africa,2017,48.4241695194125,88.6714432415907,2283.45815447669,353055253707.071,6125.6920507497,2.10801774753659,7.9,0.0,0.0,0.0,0.0,0.0,0.0,0.0,6.0,0.0,0.0,0.0,5.0
ZAF,South Africa,2018,48.0358608395161,88.2619531429775,2184.87777550689,358551560868.533,6117.2701406047,2.6560763191457,8.0,0.0,0.0,0.0,0.0,0.0,0.0,0.0,6.0,0.0,0.0,0.0,9.0
ZAF,South Africa,2019,48.0577502522081,86.9816302054678,2231.91074710296,359483563936.676,6032.82972598668,2.94907438559548,8.7,0.0,0.0,6.0,0.0,0.0,0.0,4.0,6.0,0.0,0.0,0.0,9.0
ZAF,South Africa,2020,47.9514814059421,87.064599763695,2037.46194166103,337307318679.639,5569.58483319272,3.40421090426309,9.8,2.0,0.0,6.0,7.5,0.0,0.0,3.0,6.0,0.0,0.0,5.0,9.0
ZAF,South Africa,2021,48.2422431020177,83.1709379710998,2124.62297436572,353695896167.047,5750.90937479584,3.67059683870362,9.7,2.0,0.0,6.0,7.5,0.0,0.0,4.0,6.0,0.0,0.0,5.0,9.0
ZAF,South Africa,2022,48.0207414757767,82.7050466220564,1938.30644693274,360975440918.611,5786.86505344736,,,2.0,0.0,7.0,7.5,0.0,0.0,4.0,6.0,0.0,0.0,5.0,9.0
ZAF,South Africa,2023,48.108901390221,81.599065017073,1938.50916018053,363885280375.697,5756.55049453121,,,3.4000001,1.0,6.0,7.5,0.0,0.0,4.0,6.0,0.0,0.0,5.0,7.0
